10098618047531651591581266,13918367488952,1631729725,1631729730,1.3739743862692266
10099126566539323805486519,13917668853789,1631729741,1631729761,1.373836246240884
10107452086389911948385873,13906243698488,1631729781,1631729791,1.3715778601542115
10107851664559953415847611,13905697211028,1631729805,1631729821,1.3714697468951345
10107602010965521408174939,13906041709507,1631729847,1631729852,1.3715375957973301
10106954729773549088322551,13906934976049,1631729871,1631729882,1.3717135322559626
10104300987362941201539977,13910598413807,1631729901,1631729912,1.3724351954683662
10104300987362941201539977,13910598413807,1631729901,1631729942,1.3724351954683662
10104297894893391709784578,13910602684024,1631729961,1631729972,1.372436036773026
10104297894893391709784578,13910602684024,1631729961,1631730002,1.372436036773026
10103746709972302962192646,13911363826042,1631730027,1631730032,1.3725859984830022
10103384163715612845493833,13911864518569,1631730057,1631730062,1.3726846503783017
10100657685700250180223886,13915631058167,1631730087,1631730092,1.3734268886297942
10100657685700250180223886,13915631058167,1631730087,1631730122,1.3734268886297942
10099206212869796098404258,13915893363033,1631730141,1631730152,1.373650152431801
10099206212869796098404258,13915893363033,1631730141,1631730182,1.373650152431801
10099206114056116612543001,13915893499600,1631730197,1631730212,1.3736501793507487
10095541326807441662902524,13920961744575,1631730239,1631730243,1.3746492520589382
10094688924350147470914163,13922140777289,1631730271,1631730273,1.374881752360612
10094856197706807678957781,13921910777289,1631730275,1631730303,1.3748362593185157
10094856196671571438618988,13921910778721,1631730331,1631730333,1.3748362595997752
10094856274161557314060536,13921910672198,1631730351,1631730363,1.3748362385295332
10094674018983549182514470,13922166015218,1631730391,1631730393,1.3748862746283412
10094730720330858799479960,13922088393822,1631730421,1631730423,1.3748708872850985
10095703752112314512092123,13920750706915,1631730451,1631730453,1.3746062991805374
10092775502178045788843465,13924801733710,1631730455,1631730483,1.3754052140079438
10092891167148930062375894,13924643316699,1631730503,1631730513,1.3753738060947507
10092116566632758027639777,13924286860862,1631730525,1631730543,1.3754441489875318
10093467320156964109839090,13922431395653,1631730565,1631730573,1.3750768402591347
10093137554090504303184451,13922887642315,1631730595,1631730603,1.3751668263394385
10093016425583255132765513,13923060136892,1631730627,1631730634,1.3752003659214824
10095018790664930001520701,13920307984334,1631730651,1631730664,1.3746558393072337
10094241598404625908625321,13921382984334,1631730683,1631730694,1.3748678349796684
10093467060429321259949612,13922454477932,1631730719,1631730725,1.3750791554078459
10093485441967532218815033,13922430074835,1631730743,1631730755,1.3750742412414403
10096659125462801448258410,13918067451976,1631730775,1631730785,1.374211309755221
10095870898522374041071853,13919157405028,1631730811,1631730816,1.3744262153655291
10095658584485242800328404,13919451093532,1631730839,1631730846,1.3744841174520552
10096198602485321963066465,13918717975953,1631730871,1631730876,1.374338219081983
10096553388180744347843232,13918233562299,1631730905,1631730906,1.3742421011198311
10102517591853343119469362,13910041802482,1631730935,1631730937,1.3726225216966121
10101328526002983306044806,13909266442134,1631730957,1631730967,1.3727075619474054
10101132410450690781845258,13909539427684,1631730989,1631730998,1.3727611522227525
10101538950465082613277079,13908986984473,1631731017,1631731028,1.3726513908486813
10100732009195691431756072,13910101508528,1631731035,1631731058,1.3728710393421353
10100105115014801018180436,13910972263710,1631731069,1631731088,1.3730421877726913
10100037191052812419578133,13911066098171,1631731093,1631731118,1.3730606824550777
10100037191052812419578133,13911066098171,1631731093,1631731148,1.3730606824550777
10100037191052812419578133,13911066098171,1631731093,1631731179,1.3730606824550777
10100156750139244198173149,13910901922023,1631731200,1631731209,1.3730282262135296
10099400703488290922676929,13911946433270,1631731212,1631731239,1.3732341043539344
10099400175657604643870366,13911947162684,1631731264,1631731269,1.3732342481166124
10099811998099756525197306,13911381689359,1631731296,1631731299,1.3731224446389825
10101704414351794032331476,13908783597013,1631731328,1631731329,1.372608837723732
10100894152420901205152444,13909903500500,1631731352,1631731359,1.3728294614106418
10100522209354318458636931,13910421004590,1631731386,1631731389,1.3729310863185673
10101136958817909222848214,13909581630744,1631731402,1631731420,1.3727646992597728
10097878306863898711584052,13914083852437,1631731445,1631731450,1.3736521324757487
10101126696959399024684914,13909622923356,1631731459,1631731481,1.3727701689861715
10100578629434456151648958,13910383163461,1631731499,1631731511,1.372919683298096
10099385408478759349238132,13912031591042,1631731521,1631731541,1.3732445896938443
10097447951187644579946150,13914709007688,1631731557,1631731571,1.3737723924554885
10094827459936514358171174,13918329985227,1631731595,1631731602,1.3744865563325583
10092020529925852153414229,13922220263648,1631731627,1631731632,1.3752530956882985
10094583840983643608528984,13918695606480,1631731655,1631731662,1.3745558317285032
10093914225702552719346953,13919621730494,1631731679,1631731692,1.3747384751606733
10095022768694632634665019,13918103779717,1631731717,1631731722,1.3744376285206525
10094993591783351471159762,13918144127361,1631731747,1631731753,1.374445584990084
10094335446375946843713004,13919054313690,1631731775,1631731783,1.3746250779218971
10093476816069615808297238,13920273000392,1631731811,1631731813,1.3748623686861248
10093476816069615808297238,13920273000392,1631731811,1631731843,1.3748623686861248
10093826213305633776930494,13919792598988,1631731845,1631731873,1.374767336478457
10092627288041153352454448,13921451145633,1631731887,1631731903,1.3750944552831352
10092732921698616868590334,13921310016367,1631731933,1631731933,1.3750661246124656
10092732921698616868590334,13921310016367,1631731933,1631731964,1.3750661246124656
10092607558802741728863539,13921483456891,1631731979,1631731994,1.3751003346387296
10092795495501428251453407,13921225004348,1631732019,1631732024,1.3750492033120245
10092303041614525711290726,13921909292578,1631732047,1631732054,1.3751838850993663
10092489674035126264946744,13921654586433,1631732079,1631732084,1.375133298425004
10091741479586370125854391,13922692043478,1631732111,1631732114,1.3753377237934619
10091741439187564081169062,13922692099046,1631732115,1631732144,1.3753377347867937
10091379829569880557050810,13923193379418,1631732171,1631732175,1.375436533305794
10091461104465980444555368,13923081580810,1631732187,1631732205,1.3754144126623868
10091235582243098608005896,13923393674659,1631732221,1631732235,1.37547597922571
10090755513342542761536853,13924060997002,1631732255,1631732265,1.375607338335365
10090697659526360564406459,13924141193546,1631732293,1631732295,1.3756231473833322
10095953395581336182756719,13916329022702,1631732319,1631732326,1.3741357035581023
10091916691876881206669694,13921912742394,1631732353,1631732356,1.3752368669640274
10091926327478214744026300,13921900688053,1631732377,1631732386,1.3752343632876873
10095177950505766919075163,13917430909804,1631732413,1631732416,1.3743500568382443
10095129973457954694929441,13917497251340,1631732437,1631732446,1.3743631390593947
10094949701250248584188463,13917746908720,1631732472,1631732476,1.3744123338405043
10094916597118857023687567,13917792686343,1631732476,1631732506,1.3744213611576706
10093797723572341997123610,13915133255954,1631732530,1631732537,1.3743110420834272
10082402344324767362464871,13899609212341,1631732546,1631732568,1.37432922286354
10083976353975116474084092,13897446437485,1631732592,1631732598,1.373900912957266
10084126353975116474084092,13897240335030,1631732616,1631732628,1.3738601034134625
10081657354430589291230980,13900655715628,1631732652,1631732658,1.3745342507343739
10081657354430589291230980,13900655715628,1631732652,1631732688,1.3745342507343739
10084166113967277783799343,13897207854476,1631732716,1631732718,1.3738514761086553
10084166113967277783799343,13897207854476,1631732716,1631732748,1.3738514761086553
10076813106045129057218735,13907379105700,1631732768,1631732778,1.3758601146955043
10076848716732960946515675,13907330105700,1631732796,1631732808,1.3758504054453224
10076878734940246607967670,13907288801041,1631732836,1631732839,1.3758422210514545
10080281323827047650963427,13902608488040,1631732848,1631732869,1.3749149876981974
10080311562789152284659123,13902566913301,1631732892,1631732899,1.3749067520573734
10086137892370526240863256,13894021847544,1631732926,1631732929,1.37326802207157
10084102520046577044401255,13896834651805,1631732952,1631732959,1.3738232449069618
10096363937015740476417369,13879955062290,1631732984,1631732989,1.370488317038864
10088390680382243213455136,13890957961149,1631733014,1631733019,1.3726586316227913
10094853041044257386440375,13882106436667,1631733047,1631733049,1.3709058733135462
10090670098194391789249121,13887878383372,1631733077,1631733079,1.372044342475012
10089955215056791855710367,13888865313901,1631733091,1631733109,1.37223905364424
10086621371407154284168330,13893469695177,1631733127,1631733139,1.3731476326808334
10087545702309148357902190,13892201069115,1631733169,1631733169,1.3728964504208416
10087546702309148357902190,13892199696083,1631733183,1631733199,1.3728961786460132
10087399680422142944138065,13892407102578,1631733223,1631733230,1.3729366836007684
10085602266990154724541973,13894890399022,1631733249,1631733260,1.3734267973918468
10086334469148527673364305,13893884752382,1631733287,1631733290,1.3732277104686945
10086680135700434305667260,13893413473274,1631733313,1631733320,1.3731340770050884
10086680198332839004540586,13893413559544,1631733321,1631733350,1.3731340770050884
10087760653088593584719534,13891933898701,1631733377,1631733381,1.3728407969810068
10088162942810866167064316,13891381645155,1631733397,1631733411,1.3727314839623868
10095655506599497725453983,13881113447624,1631733433,1631733441,1.3706988626401873
10095523016579103237347677,13881365509440,1631733467,1631733471,1.3707417397461832
10098136849864931359834982,13877784546700,1631733493,1631733501,1.370033450268209
10097722390151162877419667,13878356300679,1631733523,1631733531,1.3701461241971702
10105059022154747185338178,13868314613939,1631733545,1631733561,1.368160797821358
10104257910146783093801905,13869443527663,1631733584,1631733591,1.3683806415610016
10099801050522555070543174,13875582278710,1631733616,1631733621,1.369590349463746
10100467355052605860461024,13874669710030,1631733644,1631733652,1.369409940449521
10105054496321179882977688,13868417754004,1631733678,1631733682,1.3681715856865049
10105153560169381200818946,13868282208336,1631733694,1631733712,1.3681448024529963
10094051685289381200818946,13883581117160,1631733730,1631733742,1.3711603386308997
10094792790562479691766676,13882564917045,1631733758,1631733772,1.3709593315050006
10096342170592397873243889,13880440895307,1631733784,1631733802,1.3705392419546842
10092441674504787909298426,13885881115481,1631733828,1631733832,1.3716062403097748
10094873634983056114749161,13882624078270,1631733860,1631733862,1.3709541956763716
10097804877972691336417186,13878606245076,1631733888,1631733893,1.3701596083901824
10099630529349694881199191,13876105015576,1631733916,1631733923,1.3696650688610972
10100240773035211658942294,13858200502050,1631733952,1631733953,1.3678151342440397
10097808708269072208614484,13861548595533,1631733968,1631733983,1.3684750800207257
10097372879546814572387600,13862149978265,1631734008,1631734013,1.3685935149118305
10097792044447328912907737,13861576541602,1631734024,1631734043,1.3684800970852375
10098320650527025259195069,13860853360392,1631734062,1631734073,1.3683370776623487
10098320650527025259195069,13860853360392,1631734062,1631734103,1.3683370776623487
10098359285456102137877550,13860800489769,1631734120,1631734133,1.3683266237657516
10098359285456102137877550,13860800489769,1631734120,1631734164,1.3683266237657516
10098098018360371067095740,13861160608648,1631734176,1631734194,1.3683975744061172
10107050250444067633758146,13848920186469,1631734220,1631734224,1.3659783224016429
10107410334951912006304376,13848428382549,1631734244,1631734254,1.3658811561409383
10106059392833947095507859,13850287218161,1631734276,1631734284,1.3662470871638506
10106059392833947095507859,13850287218161,1631734276,1631734314,1.3662470871638506
10106027675786386160118987,13850330899451,1631734308,1631734344,1.366255683518946
10098684435961436749207391,13860438977859,1631734368,1631734374,1.3682468846719713
10099032144185557711504754,13859963339133,1631734396,1631734405,1.368152829250321
10099066677424095987479342,13859922095501,1631734422,1631734435,1.3681440801303835
10098894120940220231041389,13860160147650,1631734462,1631734468,1.3681909539159387
10098894120940220231041389,13860160147650,1631734462,1631734499,1.3681909539159387
10098965238540017905286617,13860062836271,1631734524,1631734529,1.3681717140506953
10099167687829183337173460,13859787507487,1631734548,1631734559,1.3681171121504159
10100579053161743573109385,13857856676047,1631734576,1631734590,1.367735394289717
10099873495941130256872206,13858837577220,1631734616,1631734620,1.3679277513790875
10099772581965590395911532,13858979765442,1631734644,1631734650,1.3679554527029396
10100674381593652819595654,13858846200211,1631734676,1631734680,1.3678201497215778
10099331162877679247444582,13860695941792,1631734708,1631734710,1.3681846402529627
10099230277993619685365905,13860834817953,1631734712,1631734740,1.3682120147552341
10099246176769413249892429,13860813096768,1631734768,1631734770,1.3682077169455589
10099115269972350237854672,13860993304085,1631734778,1631734800,1.3682432387657464
10105705799362903382329984,13851982637428,1631734822,1631734831,1.3664621354434638
10092232389338830716107452,13870531077800,1631734856,1631734861,1.370118418112397
10092973813170700022220029,13869518091559,1631734888,1631734891,1.369917725464329
10092901261100102551911934,13869618091559,1631734918,1631734921,1.3699374492969363
10102218577082580952053577,13856873621462,1631734948,1631734951,1.3674164324402809
10104289512762511887523213,13854042213400,1631734968,1631734981,1.3668568495623767
10103551708422683121359039,13855057094620,1631735010,1631735011,1.3670567901581525
10104151920367389089874979,13856191500644,1631735040,1631735041,1.367087514989078
10103564323727997938994888,13857000178515,1631735062,1631735072,1.3672468042261898
10102078810171578676940086,13859044063536,1631735086,1631735102,1.3676495347525925
10101925568276919447208592,13859271220748,1631735118,1631735133,1.3676926962174476
10102368956250478793407954,13859465953150,1631735140,1631735163,1.3676518909763544
10102368956250478793407954,13859465953150,1631735140,1631735193,1.3676518909763544
10102368956250478793407954,13859465953150,1631735140,1631735224,1.3676518909763544
10101851598731228732492906,13860177889420,1631735232,1631735254,1.367792184619233
10101899116103388615646220,13860112889420,1631735268,1631735284,1.3677793369293212
10101842311661982800140198,13860191061797,1631735292,1631735314,1.3677947418857366
10101656780273430559657738,13860446802279,1631735340,1631735344,1.3678450991623103
10102976737910288163480006,13858645543838,1631735372,1631735375,1.3674886698648334
10102424050375844394123209,13859411376793,1631735404,1631735405,1.3676390475817024
10101532188654307257525474,13860191743024,1631735430,1631735435,1.3678367970790715
10100985375436272853321204,13860945821718,1631735458,1631735465,1.3679852597899735
10101297358955717450027726,13860519996397,1631735476,1631735496,1.367900988170877
10100721782922867868779440,13864044482013,1631735516,1631735526,1.3683267813716085
10100338002897747239837558,13864576060238,1631735552,1631735556,1.3684312348905951
10104322888991148192496639,13859128760364,1631735586,1631735587,1.3673541783802212
10104689513034483042149654,13858628622328,1631735612,1631735617,1.367255229877308
10104437359757737874042720,13858991692112,1631735642,1631735647,1.3673251663539558
10105564912017668972282516,13857449983937,1631735674,1631735677,1.3670205312408508
10109293523541399365768692,13852365418803,1631735704,1631735707,1.3660149815063924
10109711517519535861204161,13851797349474,1631735716,1631735738,1.365902491748333
10112856581626426539368648,13847505293926,1631735766,1631735768,1.365054641796276
10111298447971050295604151,13849650478561,1631735790,1631735798,1.3654764734841882
10106198391883911416002272,13856666434806,1631735824,1631735828,1.3668575603663922
10107441579481195997528338,13854989861461,1631735856,1631735858,1.3665240960083902
10107637657872932084765382,13854721894367,1631735886,1631735888,1.3664711601696908
10105977726674664830260064,13857004571108,1631735916,1631735918,1.3669207582902163
10105690580229843095653696,13857399493407,1631735932,1631735949,1.3669985527154058
10105419140420328338464861,13857775842111,1631735976,1631735982,1.3670723946671932
10106743064565821294753923,13855763847250,1631736002,1631736013,1.3666948761511595
10106746728414938260151352,13855760832112,1631736042,1631736043,1.3666940833479166
10107000006072818268576759,13855415351375,1631736070,1631736074,1.3666257614661008
10109596309722169365260870,13851877355451,1631736102,1631736104,1.365925945226103
10109669763353524347929880,13851777597796,1631736130,1631736134,1.365906184848398
10106136161245213687037366,13856639018736,1631736158,1631736165,1.366863271838054
10093410046673254308934937,13874162537744,1631736184,1631736195,1.3703172446060925
10091940457303284606535518,13876188974056,1631736218,1631736225,1.370716945949942
10098038678454209329458779,13884573889668,1631736250,1631736255,1.3707170277182013
10096834795198565648385021,13886234380719,1631736282,1631736285,1.3710443943180144
10092025350469873379147855,13892871904950,1631736302,1631736315,1.3723533752597867
10084520496054253940383055,13903242033051,1631736330,1631736346,1.3743997085299342
10084520496054253940383055,13903242033051,1631736330,1631736376,1.3743997085299342
10084520496054253940383055,13903242033051,1631736330,1631736406,1.3743997085299342
10084520496054253940383055,13903242033051,1631736330,1631736436,1.3743997085299342
10082131043306519487714073,13906546999921,1631736460,1631736466,1.3750521960407496
10082281332320380243932280,13906341274154,1631736488,1631736496,1.3750113597363234
10080644105215164228282172,13908608831675,1631736512,1631736526,1.3754589020237327
10080060845465976521006578,13909419455136,1631736554,1631736557,1.3756186512708664
10080060845465976521006578,13909419455136,1631736554,1631736587,1.3756186512708664
10082908415637631910983190,13905506084782,1631736614,1631736618,1.3748432769924401
10086726677122728129035452,13900264027235,1631736646,1631736648,1.3738048026226461
10051845941903559992388983,13948656793901,1631736646,1631736686,1.3833709433134644
10078464620914321678294141,13911929786868,1631736713,1631736716,1.376084806824103
10081540786988575659852186,13907697592041,1631736737,1631736746,1.3752464699074627
10082433341134919033629577,13906470987536,1631736755,1631736776,1.375003456711769
10065387193390954250908123,13929953277227,1631736694,1631736806,1.379657596072182
10086861505551962589372340,13900386976310,1631736829,1631736837,1.3737985924109817
10085622074102289626013454,13902108866448,1631736851,1631736867,1.3741376013141124
10086000718524361044585365,13901589933173,1631736895,1631736897,1.3740347276888787
10086000718524361044585365,13901589933173,1631736895,1631736927,1.3740347276888787
10092222245880779079101691,13893045748149,1631736942,1631736957,1.3723437759038062
10091130296661232561709501,13894559934140,1631736974,1631736987,1.3726418471671642
10089175190625075769447536,13897263408939,1631737006,1631737017,1.3731749426033348
10085106826952601655354569,13902900676133,1631737046,1631737047,1.3742860684283078
10079202047036165191858525,13911084481636,1631737072,1631737077,1.375900531673804
10079032755192427228057594,13911319234627,1631737106,1631737107,1.3759468586668373
10079062573501622028627962,13911278202282,1631737110,1631737137,1.375938729979098
10069908896926360518317177,13923982124816,1631737162,1631737168,1.3784470156431199
10070021804594945811879728,13923832464438,1631737190,1631737198,1.378416745753959
10071527242345573134474219,13921766411597,1631737226,1631737228,1.3780062254909426
10073760102227361717807163,13918689892659,1631737258,1631737258,1.3773963662032038
10064399825966730989718367,13931715810877,1631737284,1631737288,1.3799675167910754
10081301519669239516795778,13908475215944,1631737314,1631737319,1.3753560027256608
10079800479785869328700462,13910559677333,1631737348,1631737349,1.3757669495996088
10080511869994490538952997,13909633855759,1631737372,1631737379,1.3755783120393752
10080911404117844191319968,13909089385440,1631737404,1631737409,1.3754699568208306
10085683062124715252896547,13902528934907,1631737428,1631737439,1.3741708136592061
10085353101589176175639095,13902269797461,1631737468,1631737469,1.3741901528760792
10083682070722449483850807,13901194525731,1631737492,1631737499,1.3743115517068654
10090397356751649144311851,13891991452630,1631737520,1631737529,1.3724877840112895
10090064401793174767596178,13892451248952,1631737556,1631737560,1.3725784973166884
10084892692302323672384140,13899671900064,1631737580,1631737590,1.373996078396216
10087755177513814881940556,13897432452702,1631737610,1631737620,1.3733849252667278
10084057511798589467052329,13902543797684,1631737634,1631737650,1.3743937774524093
10088497359497157265486953,13896444580300,1631737678,1631737680,1.373186281979084
10088730465145432321108453,13896124458568,1631737702,1631737710,1.3731229245830328
10081935886427798973958519,13905520106170,1631737736,1631737740,1.3749772711973638
10083413120143725633570331,13903490695155,1631737768,1631737770,1.374575216392055
10083258426272162326071959,13901703828434,1631737794,1631737800,1.3744196404255926
10080420592098522153902392,13905635714795,1631737820,1631737831,1.3751953711863607
10083929227910989687102248,13900823827165,1631737852,1631737861,1.374241223236546
10083889712224838349059691,13900878464162,1631737888,1631737891,1.3742520093917847
10086380252570842939569405,13898289167341,1631737916,1631737922,1.3736567943170668
10085033954950439534953824,13900150149718,1631737946,1631737952,1.3740241093020886
10085776863704925022865621,13899134098477,1631737976,1631737982,1.3738224811442197
10088602785075420766514110,13895252485863,1631738002,1631738012,1.3730541372802108
10091986584501521023455616,13890608083959,1631738038,1631738042,1.372135022688657
10091663002991819523062271,13891058943407,1631738064,1631738072,1.3722235528081657
10093106337309961666398631,13889215889877,1631738098,1631738102,1.3718453021012247
10092663145749805871407776,13889827632640,1631738112,1631738133,1.371965961780399
10093862626851989960615585,13888196990043,1631738154,1631738163,1.371641896063462
10093832419032297887174058,13888238678326,1631738188,1631738193,1.3716501178499312
10093832351626940532119351,13888238771349,1631738214,1631738223,1.3716501361951232
10092486878797639076284429,13890098348946,1631738242,1631738253,1.3720166614614426
10092619042128839076284429,13889917003109,1631738276,1631738283,1.3719807841219007
10091894659184509398195203,13890917003109,1631738284,1631738314,1.3721780357658864
10092327275082032518503459,13890323343820,1631738340,1631738344,1.372060581466183
10092327275082032518503459,13890323343820,1631738340,1631738375,1.372060581466183
10092247134923324015184649,13890433975504,1631738396,1631738405,1.3720824036803096
10090161282208758752265843,13893318643853,1631738428,1631738435,1.3726510179061442
10090857871560166689996101,13892362441125,1631738464,1631738465,1.3724618050977588
10090857871560166689996101,13892362441125,1631738464,1631738495,1.3724618050977588
10090843387960418364059648,13892382441125,1631738512,1631738525,1.3724657506793738
10090828904402309702601535,13892402441125,1631738548,1631738555,1.3724696962665766
10090624361571354238477651,13892684980724,1631738580,1631738586,1.3725254277288914
10093051733760790682719128,13892088755770,1631738612,1631738616,1.3721364791095256
10092428079112768352076084,13892949923286,1631738640,1631738646,1.3723063246570528
10094690082335430519616669,13889463560771,1631738668,1631738676,1.3716545547768473
10088354605507199696642276,13898212381939,1631738694,1631738706,1.3733804001081735
10087608533696621535979489,13899244178932,1631738728,1631738736,1.3735839309114963
10087617801909267089518797,13899231447029,1631738760,1631738766,1.373581410806626
10088619379581992454663183,13897855698773,1631738790,1631738796,1.373309114081785
10088782281789660341056998,13897631999059,1631738820,1631738826,1.373264837225899
10093255072990598349762766,13891493531932,1631738850,1631738857,1.3720500489976257
10093051974226129185557259,13891775483285,1631738872,1631738887,1.3721055041644723
10091068571285173457087454,13894514150510,1631738900,1631738917,1.3726457195729018
10091138332224124416940928,13894418694615,1631738938,1631738947,1.3726268012188374
10092696424038690015074728,13892280224199,1631738962,1631738977,1.372203692112118
10094162132834413791977247,13890269065911,1631738996,1631739007,1.371805840453133
10094157932344274595084064,13890275146939,1631739016,1631739038,1.3718070118092
10091982193920554809178652,13893278824458,1631739066,1631739068,1.372399439437315
10091366465394174485237967,13894141794851,1631739094,1631739098,1.3725684193763883
10091975923640930977893212,13893305868509,1631739124,1631739128,1.3724029634967447
10099622894714213559859703,13882818065711,1631739142,1631739158,1.3703287279177456
10100034856475666553357014,13882253509923,1631739184,1631739188,1.3702171170283108
10099871034504758851295748,13882478022755,1631739192,1631739218,1.3702615004386753
10097934465799709481125052,13885148422300,1631739244,1631739248,1.3707878921572119
10104521643773396205664620,13876124422648,1631739272,1631739278,1.3690040597673505
10103936233666747537917801,13876932264008,1631739294,1631739309,1.3691630758251996
10102823175378241469599535,13878474492675,1631739336,1631739339,1.369466085996479
10103222423323533745344001,13877927710016,1631739354,1631739369,1.3693580223470927
10102817735783180489162699,13878486866260,1631739394,1631739399,1.369468044249341
10100785919357066620170538,13881287037860,1631739412,1631739429,1.3700198556259275
10100468118879250716411879,13881725112003,1631739445,1631739459,1.3701061948724091
10099911656545457030452101,13882554083486,1631739485,1631739489,1.3702634972613306
10100986285873121249001520,13881013876237,1631739517,1631739519,1.3699657228663564
10106588623102596768579515,13873342353857,1631739539,1631739550,1.3684496815130114
10107264138302665881494330,13872417915709,1631739571,1631739582,1.3682670513484627
10107264138302665881494330,13872417915709,1631739571,1631739613,1.3682670513484627
10115799068753495841379587,13860763730747,1631739629,1631739646,1.3659642188735306
10114655202756372127561053,13862339022875,1631739671,1631739676,1.3662739414907992
10113857547943836855996907,13863435600842,1631739683,1631739706,1.3664897728897631
10113613347648188140745853,13863771350481,1631739737,1631739739,1.3665558594297618
10113342660197348364975046,13864143536142,1631739749,1631739769,1.3666291196383535
10112638095215601313080417,13865112381597,1631739797,1631739799,1.3668198342453688
10112330047496079516439938,13865536019684,1631739817,1631739829,1.3669032304305584
10109550556888595613467997,13869359653657,1631739857,1631739859,1.3676560539286584
10109216518719924177635054,13869819316975,1631739877,1631739889,1.3677465696875006
10108577947538674010782672,13870698126804,1631739909,1631739919,1.3679196310602129
10108128678808002390137831,13871316482895,1631739945,1631739949,1.3680414086095989
10107951412309929310755635,13871560480771,1631739953,1631739980,1.3680894624497741
10107634707972597873723104,13871996428726,1631740003,1631740010,1.368175321744755
10108441268437318853004779,13870896146348,1631740029,1631740040,1.3679576540943235
10108418448912529457129864,13870927553803,1631740059,1631740070,1.3679638393558562
10108597383904284073446350,13871173515085,1631740083,1631740100,1.3679638835508376
10108597383904284073446350,13871173515085,1631740083,1631740130,1.3679638835508376
10108583128339962073590949,13871193135680,1631740143,1631740160,1.3679677474927157
10108583128339962073590949,13871193135680,1631740143,1631740190,1.3679677474927157
10108534193806622003210983,13871260486974,1631740209,1631740220,1.3679810112249107
10108508250951947493962609,13871296195584,1631740249,1631740250,1.3679880433008074
10108416751806447700849860,13871422133293,1631740269,1631740281,1.3680128449015319
10107878641326260115055078,13872162824528,1631740301,1631740311,1.3681587178222836
10102557420808097883748972,13879491561023,1631740335,1631740341,1.3696024695876985
10103418201810046177183666,13878314483674,1631740353,1631740371,1.3693696531541646
10103619552818085670420578,13878038832856,1631740393,1631740402,1.369315168371424
10104120609260052941854473,13877352694906,1631740425,1631740432,1.3691795753221958
10103864337898114378532630,13877705735010,1631740453,1631740462,1.3692491321898996
10103864337898114378532630,13877705735010,1631740453,1631740492,1.3692491321898996
10103864337898114378532630,13877705735010,1631740453,1631740522,1.3692491321898996
10104774294129767631642205,13876459769653,1631740541,1631740552,1.3690029180049896
10104733456186045195843034,13876516019653,1631740573,1631740582,1.3690139996875077
10104733456186045195843034,13876516019653,1631740573,1631740612,1.3690139996875077
10105694271674591415093893,13875201926492,1631740633,1631740642,1.3687542192451656
10105694371674591415093893,13875201789604,1631740641,1631740673,1.3687541921976953
10104998820394130438650103,13876177487508,1631740699,1631740703,1.368944654332474
10103413102405543970749207,13878361889618,1631740729,1631740733,1.3693750217705964
10102556303855598667030482,13880302274797,1631740741,1631740763,1.369682620735839
10102366997557199194131123,13880563358574,1631740791,1631740794,1.3697340481691063
10102142519752410915042195,13880874794441,1631740817,1631740824,1.3697952149417252
10102142519752410915042195,13880874794441,1631740817,1631740854,1.3697952149417252
10101245625442014553783217,13882146083217,1631740871,1631740884,1.3700422924011946
10087445603262285579704699,13901197449381,1631740905,1631740914,1.3737991483993828
10087445603262285579704699,13901197449381,1631740905,1631740944,1.3737991483993828
10087447603262285579704699,13901194701512,1631740965,1631740974,1.3737986044865103
10075892244148216832732018,13917185308390,1631740979,1631741005,1.3769560641478746
10076649949208798978411969,13916141029332,1631741029,1631741035,1.3767492229249327
10080940790034584472239049,13910235542734,1631741059,1631741065,1.3755792909003794
10080453238250282811636215,13911001684301,1631741093,1631741095,1.3757215828560292
10080904088238932910052492,13910381406583,1631741115,1631741125,1.3755987229961901
10080610212698577281238429,13910789823914,1631741147,1631741155,1.3756792108472438
10080714037603239682295101,13910646981492,1631741179,1631741185,1.3756509176697582
10071173317099627920520714,13923879409861,1631741207,1631741216,1.3782638035882264
10072267998604585093916569,13922370664266,1631741243,1631741246,1.3779646970666946
10074411602943495615962083,13920715148709,1631741273,1631741276,1.3775077071525157
10075049442191344131110661,13919836488888,1631741301,1631741306,1.3773335661999881
10080504599864744064005759,13912334970928,1631741331,1631741336,1.3758464280944318
10081253607237117290800064,13911304426282,1631741345,1631741366,1.3756423097681254
10082348988263112159075884,13909797598579,1631741383,1631741397,1.3753438810817897
10082351761388812227754021,13909793784202,1631741397,1631741427,1.3753431256841868
10082313674589969606540494,13909846495544,1631741435,1631741457,1.375353532547131
10082329769132089706783090,13909824357707,1631741473,1631741487,1.3753491483666003
10083391277766830294815368,13908364421616,1631741509,1631741517,1.3750600379928946
10083391277766830294815368,13908364421616,1631741509,1631741547,1.3750600379928946
10083427338460452752373335,13908315135093,1631741573,1631741577,1.3750502482131124
10083292776239327598570130,13908509336287,1631741603,1631741607,1.3750877965595574
10083297775603987516931150,13908502461051,1631741619,1631741637,1.3750864351186902
10083016633038457196166138,13908893736547,1631741661,1631741668,1.3751634577233345
10083299770590580070743738,13908507661263,1631741695,1631741698,1.375086677212268
10083136652822673926987437,13908733464572,1631741719,1631741728,1.3751312449444086
10086703007721262972459442,13903837665825,1631741757,1631741758,1.3741612203195692
10086893133990694416780934,13903579006951,1631741783,1631741789,1.3741097579188646
10086761438267116179560801,13903761082395,1631741795,1631741819,1.3741456919275223
10086560605435673604076594,13904038752259,1631741829,1631741849,1.3742004931420089
10086451588205039534432788,13904189483248,1631741873,1631741879,1.3742302420269699
10086451588205039534432788,13904189483248,1631741873,1631741909,1.3742302420269699
10086451508194887591936536,13904189593874,1631741933,1631741939,1.3742302638608963
10086974528655659012442572,13903471392017,1631741965,1631741969,1.3740880352873355
10086974528655659012442572,13903471392017,1631741965,1631742000,1.3740880352873355
10087455821529138252785542,13902810019335,1631742005,1631742030,1.3739571205303074
10087455821529138252785542,13902810019335,1631742005,1631742060,1.3739571205303074
10087463121529138252785542,13902799988464,1631742065,1631742090,1.3739551350288093
10084619097316508025852217,13906759990239,1631742115,1631742120,1.3747340347357093
10085057594471992231324787,13906157139814,1631742143,1631742150,1.3746146759893745
10089240579787028239904784,13900408959804,1631742173,1631742180,1.373476850602776
10089696070691248638574777,13899783452214,1631742199,1631742210,1.3733530496638269
10089696070691248638574777,13899783452214,1631742199,1631742240,1.3733530496638269
10089696070691248638574777,13899783452214,1631742199,1631742270,1.3733530496638269
10089659885268144043196797,13899833452214,1631742277,1631742301,1.3733629147652537
10089659885268144043196797,13899833452214,1631742277,1631742331,1.3733629147652537
10088721517465654731724886,13901130187718,1631742357,1631742361,1.373618775703013
10088721517465654731724886,13901130187718,1631742357,1631742391,1.373618775703013
10087528767331499010233996,13902778890426,1631742413,1631742422,1.373944109717384
10081930324705856686814075,13910522260176,1631742437,1631742452,1.375472642691806
10081658761942971323454354,13910898085903,1631742469,1631742482,1.3755468518529088
10081644144619477752730275,13910918315932,1631742493,1631742512,1.3755508464556188
10071376140148251902685977,13911927255301,1631742541,1631742542,1.3770529825035482
10071881060957046304074920,13911292994379,1631742557,1631742572,1.3769211769923568
10071887514090684235907749,13911284108049,1631742589,1631742602,1.3769194153193385
10074072934156933651884698,13908279181567,1631742629,1631742632,1.3763233838211746
10074087132603617691008912,13908259638007,1631742661,1631742662,1.3763195102475583
10074087132603617691008912,13908259638007,1631742661,1631742693,1.3763195102475583
10074087132603617691008912,13908259638007,1631742661,1631742723,1.3763195102475583
10077282843077847853334213,13903867181569,1631742749,1631742753,1.3754485681951045
10078195419540539495159415,13902612333187,1631742781,1631742783,1.3751999088060112
10078163411459395547604014,13902659095763,1631742809,1631742813,1.3752089015990496
10078472570922022964564820,13902233914858,1631742825,1631742843,1.3751246646065265
10078822570922022964564820,13901752590280,1631742847,1631742874,1.3750293083116412
10079205396391056884331228,13901226161921,1631742884,1631742904,1.3749250201955439
10076356885709248808376281,13905167806563,1631742912,1631742934,1.3757036281917243
10075039692808507658013293,13907022239519,1631742960,1631742965,1.3760669592134656
10075365615742685167574890,13906579708897,1631742990,1631742995,1.3759786639790983
10075681114374340531919411,13906147288485,1631743022,1631743025,1.3758927981276066
10075337720559308193115708,13906626956491,1631743048,1631743055,1.375987148117274
10075321382199146830668683,13906649575637,1631743070,1631743085,1.3759916172754019
10070681251014268149241816,13913077155220,1631743102,1631743115,1.3772618205267937
10070728226362508194640209,13913019253915,1631743142,1631743145,1.3772496652156114
10071590314924875142357640,13911832259250,1631743172,1631743175,1.3770142991878092
10071738216901911039250353,13911628578939,1631743202,1631743205,1.3769739196486772
10072328181663135268573760,13910827856754,1631743230,1631743235,1.3768140234798194
10072298043244456541900172,13910869622702,1631743246,1631743266,1.376822276553139
10070726660430952888642407,13913056987830,1631743290,1631743296,1.3772536146286876
10071252735272221109154124,13912367457813,1631743306,1631743326,1.3771134274862706
10074174532334192716064011,13908345380854,1631743350,1631743356,1.3763160557821392
10074412002851713570624419,13908018521708,1631743386,1631743386,1.3762512729968877
10068688003676460111369607,13916364089269,1631743410,1631743417,1.3778598826024682
10069616360736152212946991,13915084934334,1631743428,1631743447,1.3776062274035066
10070121841322816982071715,13914388547045,1631743458,1631743477,1.377468144301325
10070152294456497956591809,13914359693412,1631743502,1631743507,1.377461122730747
10070152294456497956591809,13914359693412,1631743502,1631743537,1.377461122730747
10070156554946275347747219,13914353824175,1631743554,1631743567,1.3774599589817227
10070053913284331078199561,13914496076628,1631743590,1631743597,1.3774880802258849
10069854782825693717461978,13914772203240,1631743626,1631743627,1.3775426533725112
10063574519935195355018154,13923489663235,1631743638,1631743658,1.3792657905742527
10059844321012206280572836,13928668151177,1631743682,1631743688,1.3802903458699585
10059846321012206280572836,13928665390324,1631743690,1631743718,1.3802897978890687
10056773665492986858505499,13932938200069,1631743739,1631743748,1.3811350295674056
10052775665818754626546672,13938522697199,1631743777,1631743778,1.3822380504328757
10040536154898187589225713,13955569568096,1631743807,1631743808,1.385615388084203
10040046654116652347742949,13956279731710,1631743829,1631743838,1.3857534507196396
10040045589282230355927843,13956281240789,1631743861,1631743869,1.3857537475153803
10040045589282230355927843,13956281240789,1631743861,1631743899,1.3857537475153803
10038453486863434743659938,13958502971763,1631743925,1631743929,1.38619414290227
10038487670666178719931613,13958458155728,1631743953,1631743959,1.3861849724147468
10039875417750777312821788,13956534735351,1631743985,1631743989,1.3858024036381393
10038779689157628921947634,13958062694129,1631743997,1631744019,1.3861053823120892
10038781528984878850295172,13958060143690,1631744025,1631744049,1.3861048750318588
10039013214058764061478594,13957738979378,1631744069,1631744079,1.3860409965477885
10039015881744006975934599,13957735281496,1631744089,1631744109,1.3860402610581368
10039608575507591878381250,13956929529376,1631744125,1631744139,1.3858784349355846
10039607781679038020557271,13956931996358,1631744165,1631744170,1.3858787894695996
10040002267022019962495022,13956385438705,1631744197,1631744200,1.3857700725141913
10040021700389640850461542,13956359032429,1631744207,1631744230,1.3857647685483099
10039165435427929430761557,13957553189775,1631744255,1631744260,1.3860015333108604
10039189181000095161263045,13957580676221,1631744285,1631744290,1.3860009847749024
10039189181000095161263045,13957580676221,1631744285,1631744320,1.3860009847749024
10039189181000095161263045,13957580676221,1631744285,1631744351,1.3860009847749024
10039201780926724043149243,13957563214649,1631744368,1631744381,1.3859975114669651
10039460274851107466998861,13957204925770,1631744400,1631744412,1.3859262511711568
10040309467326736487221248,13956027991281,1631744429,1631744442,1.3856921858303248
10012109628119708636000870,13913389068660,1631744467,1631744472,1.3853491645138711
10011292233539209554899277,13914530638227,1631744497,1631744502,1.3855759380031376
10012833790877300346509515,13912394824928,1631744527,1631744532,1.3851499920580537
10012414096916511766296512,13912979768487,1631744551,1631744562,1.3852662888728082
10011602858483977644857881,13914115388100,1631744581,1631744592,1.3854916043784469
10011602857587265226335105,13914115389350,1631744619,1631744622,1.3854916046280414
10013079498520808570778521,13912073147968,1631744649,1631744652,1.3850839795935899
10013456574205210170782617,13911550834087,1631744667,1631744682,1.3849798272885383
10022009381229461848599566,13899714291123,1631744705,1631744712,1.3826206051521004
10021992619415225638044647,13899737775072,1631744719,1631744743,1.3826252533383667
10022869965291142209430639,13898527835240,1631744771,1631744773,1.3823838943317532
10022055611302119043017982,13899660574786,1631744797,1631744803,1.3826088847853244
10022116893213112403139107,13899575945447,1631744823,1631744833,1.3825920133460312
10021655280885838683438048,13900218267761,1631744851,1631744863,1.3827195860501378
10025609720215688717344282,13894752526525,1631744883,1631744893,1.3816307605858893
10025479619822951916096964,13894933380938,1631744915,1631744923,1.3816666717603803
10022075726557582803156334,13899677055976,1631744947,1631744954,1.3826077494267375
10022964783754753238498916,13898448247439,1631744965,1631744984,1.3823629021756352
10022967631402749907956039,13898446043145,1631745013,1631745014,1.3823622902277857
10023311945059300030125722,13897970580236,1631745033,1631745045,1.3822675203289836
10023332511758314569254609,13897942249662,1631745075,1631745076,1.3822618666570634
10024045718364497558971948,13896956429272,1631745101,1631745106,1.382065488319844
10023918255248173207617585,13897137315138,1631745125,1631745137,1.3821010502744466
10023713401784803663962589,13897423980164,1631745149,1631745167,1.3821578033566475
10025494139731093586380748,13894962985518,1631745187,1631745197,1.381667614672333
10028060482548189937164173,13891417707161,1631745219,1631745227,1.3809616185911
10028061716394284776116030,13891416346390,1631745253,1631745258,1.380961313419044
10027821776779481710979842,13891749731906,1631745263,1631745288,1.381027495957911
10019635071713487438871373,13903140398121,1631745313,1631745318,1.3832890857309104
10015460150425674648167508,13908954320874,1631745345,1631745348,1.3844443449061363
10016043105405909217601173,13908147569481,1631745357,1631745379,1.3842834790367633
10015538856336584751074851,13908850641507,1631745402,1631745409,1.3844231467321515
10013822417086928239526139,13911241960521,1631745426,1631745439,1.3848984846379608
10013847188961161156460634,13911277462037,1631745468,1631745469,1.3848985933251678
10013633287749936367373509,13911575526646,1631745492,1631745499,1.3849578468240797
9868654646926056031897136,13709667995195,1631745524,1631745529,1.384905919700861
9869142209908937893265009,13708992742335,1631745554,1631745559,1.384769299948588
9868954110482895763261559,13709254981889,1631745584,1631745589,1.3848221803680063
9867237101996818251642848,13711671151368,1631745614,1631745619,1.385307239027694
9868007658976897254919193,13710604224211,1631745634,1631745650,1.385091291764751
9872216762741237761012519,13704776124704,1631745664,1631745680,1.3839122827369719
9864241923323337957856436,13715889325583,1631745706,1631745710,1.3861541280336678
9864672558633386784003787,13715293058755,1631745730,1631745740,1.3860333653297274
9864890786260376260004710,13714990566745,1631745750,1631745770,1.385972138673067
9865403238508798891139438,13714281400444,1631745800,1631745800,1.3858284912128
9862132724565590300377927,13718844020547,1631745824,1631745830,1.3867492236681283
9862422767850878179404720,13718441817434,1631745848,1631745860,1.3866677900664508
9862458877620203590088774,13718391801851,1631745888,1631745890,1.3866576579399408
9862585227008986304041400,13718234043275,1631745916,1631745920,1.386623949225992
9862589616032807933233260,13718228143293,1631745942,1631745950,1.3866227358542382
9862673538859100589982312,13718111878330,1631745978,1631745980,1.386599186256528
9862678241864262248444303,13718105356491,1631746008,1631746011,1.3865978659130633
9865270350018438444970161,13714511723193,1631746026,1631746041,1.3858704313337802
9864749457939557717618883,13715239806313,1631746068,1631746071,1.386017180269584
9864963960254011533488758,13715205225014,1631746098,1631746101,1.3859835513662546
9865350259227070295685468,13714674412500,1631746122,1631746131,1.3858756467830389
9864555556020936647654274,13715782708048,1631746158,1631746161,1.3860992866102606
9864550964297365624387290,13715789113892,1631746186,1631746191,1.3861005791109056
9863351274166290312488274,13717465623920,1631746220,1631746221,1.3864386016130448
9859359498489815506907478,13723036957656,1631746244,1631746251,1.3875632031019778
9859400608420006926526962,13722979922364,1631746268,1631746282,1.3875516511537134
9859472671047296548785337,13722879922364,1631746306,1631746312,1.3875313995201142
9859472671047296548785337,13722879922364,1631746306,1631746342,1.3875313995201142
9859472671094715545378657,13722879922429,1631746362,1631746372,1.3875313995201142
9860073981494715545378657,13722045551772,1631746398,1631746402,1.3873624316062778
9858888260760097696553564,13723700874288,1631746418,1631746432,1.387696652630344
9858910276504202763488444,13723670319964,1631746454,1631746462,1.3876904645562171
9859218804116472541844619,13723242149214,1631746474,1631746492,1.3876037497129292
9857774765926919984399751,13725277872524,1631746518,1631746522,1.3880128644630312
9858322400669762384381319,13724517713682,1631746538,1631746553,1.3878588982131332
9858286984795392874134643,13724569170481,1631746580,1631746587,1.3878690870516002
9853111349555336203532369,13731800098636,1631746612,1631746618,1.3893296290952712
9852436262752028578450656,13730717814251,1631746646,1631746648,1.3893153072409332
9850604900966168332025313,13733280885672,1631746676,1631746678,1.3898329612445086
9851330942640392076664030,13732271781046,1631746706,1631746708,1.3896284254249185
9849640551227928110091000,13734635802010,1631746736,1631746738,1.3901061554029583
9849640547650131129893785,13734635807014,1631746738,1631746769,1.3901061564143746
9849677298450113797655474,13734584714602,1631746790,1631746799,1.3900957990884781
9849687866649677032451048,13734570202691,1631746808,1631746829,1.3900928389709444
9849870485684153753478571,13734317864251,1631746856,1631746859,1.3900415299013258
9853143541402915999135167,13739564865569,1631746886,1631746889,1.3901106964554637
9852760753421895188395738,13740100403224,1631746918,1631746919,1.3902188834771514
9857541085945746426485938,13733457235881,1631746930,1631746949,1.3888729489911347
9856575332292811895953877,13734806931736,1631746966,1631746979,1.3891455268431454
9856606310930759467371764,13734763893756,1631747002,1631747009,1.389136808425188
9849673088296879264336376,13744462758503,1631747034,1631747039,1.39109616375342
9843814491470187221163847,13752669863130,1631747066,1631747069,1.3927551447190345
9843814491470187221163847,13752669863130,1631747066,1631747100,1.3927551447190345
9841588047975348986442910,13755793166183,1631747122,1631747130,1.3933865666221827
9836578784868699542031147,13762830039510,1631747146,1631747160,1.3948092344570906
9822138460417650169496547,13783124820931,1631747186,1631747190,1.398919469434768
9820491998300044986185821,13785449278652,1631747214,1631747220,1.3993899431340397
9810494696132092425764739,13799546169666,1631747246,1631747251,1.4022482979390771
9799941128237478833964365,13814465914785,1631747274,1631747281,1.4052759375516326
9800356418691886632752937,13813887729621,1631747308,1631747317,1.405157581621781
9799207457890290790893657,13815517531473,1631747344,1631747347,1.405488124055788
9799206023386701223842817,13815519578152,1631747372,1631747377,1.40548853799887
9796365528581395405755098,13819537500015,1631747402,1631747407,1.4063048955593258
9791557510914151391232566,13826344442484,1631747430,1631747437,1.4076884018164129
9789820174887232236824425,13828807727067,1631747462,1631747468,1.4081890262700618
9789624329738482161762333,13829085210061,1631747484,1631747498,1.4082454514466227
9785360369029266558885046,13835141524448,1631747522,1631747528,1.4094760266505182
9786858440310443094291222,13833045183474,1631747556,1631747558,1.4090467653553933
9787103387302417045654243,13832700104870,1631747574,1631747588,1.4089763548448682
9788512720197732304619897,13830714975160,1631747609,1631747618,1.4085713405851275
9789019569842824099532045,13830001005867,1631747633,1631747649,1.4084257063809782
9789391702284720447285555,13829476851455,1631747675,1631747679,1.4083187951147556
9790419134208633427952219,13828029903867,1631747705,1631747709,1.4080236837230622
9790036899719266328261938,13828571419147,1631747735,1631747739,1.4081337932329625
9790526701396818762959495,13827881890872,1631747753,1631747769,1.407993144441396
9790596843410386330381744,13827783324485,1631747795,1631747800,1.4079730220623314
9790314485976415415267908,13828183324485,1631747819,1631747830,1.4080543545428663
9790604896497201992835383,13827774980348,1631747849,1631747860,1.4079710144605488
9790604896497201992835383,13827774980348,1631747849,1631747890,1.4079710144605488
9788243808919421440800756,13831120506781,1631747909,1631747920,1.4086513361372053
9790319710691022729187068,13828196605440,1631747945,1631747950,1.4080549555271864
9786942451879815377464038,13832991142405,1631747975,1631747980,1.4090291666369885
9786307337683477874644529,13833896152970,1631748005,1631748010,1.409212791249156
9786429002920744749423386,13833724685422,1631748039,1631748041,1.4091778070405125
9786856008127063322271300,13833122924175,1631748063,1631748071,1.4090550342295318
9786870567271421826701351,13833102487041,1631748071,1631748101,1.4090508565623314
9796140465003391790120822,13820066380244,1631748127,1631748131,1.4063910229206085
9796329229817102568108706,13819800881187,1631748159,1631748161,1.4063369081858546
9796305067571278593492630,13819754666870,1631748185,1631748192,1.4063356736209243
9796380964867540057233984,13819650843760,1631748217,1631748222,1.4063142139296978
9794918400851174439606275,13821723242650,1631748247,1631748252,1.4067351042795926
9794989480719313677727039,13821623242650,1631748263,1631748282,1.4067147193439304
9795101203145351095056942,13821468265276,1631748307,1631748312,1.4066829032041133
9796574739469623775647341,13819395566999,1631748335,1631748342,1.4062604231610893
9796519619336842070234101,13819907950505,1631748371,1631748372,1.406320475075394
9796519619336842070234101,13819907950505,1631748371,1631748402,1.406320475075394
9796519587223124457010590,13819907995944,1631748413,1631748432,1.406320484308526
9795862324509603461170009,13820838469869,1631748449,1631748462,1.406509524943307
9795862324509603461170009,13820838469869,1631748449,1631748493,1.406509524943307
9795866262908714411049747,13820832929912,1631748503,1631748523,1.4065083957333118
9799440554484203850993281,13815807575096,1631748551,1631748553,1.4054842016790061
9799424047249119962090111,13815830918001,1631748559,1631748583,1.4054889436736704
9799424047249119962090111,13815830918001,1631748559,1631748613,1.4054889436736704
9799519213320560622740240,13815697319596,1631748639,1631748643,1.4054617050588132
9800142606618925006873607,13814837547053,1631748671,1631748674,1.4052848533149809
9800201930225967141646921,13814754172509,1631748691,1631748704,1.4052678665164857
9800770132827817143898627,13813955660611,1631748715,1631748734,1.4051051822584122
9803487732521897263785015,13810146798525,1631748759,1631748764,1.4043284000903369
9803487732521897263785015,13810146798525,1631748759,1631748794,1.4043284000903369
9802528183947981860717014,13811514651741,1631748821,1631748824,1.4046049609109759
9803138212686788475817142,13810657768397,1631748845,1631748854,1.4044304261822254
9803350935454755963156214,13810358990151,1631748883,1631748884,1.4043695719316602
9803735507713333172164799,13809819735042,1631748913,1631748914,1.4042596536930652
9803735445494728533959947,13809819822992,1631748939,1631748944,1.4042596715465188
9803537201483498536357257,13809138579000,1631748973,1631748974,1.4042187910545618
9814694019274949139307962,13793488202682,1631749003,1631749005,1.4010330715440213
9814573971640091621692278,13793658590614,1631749027,1631749035,1.4010675135031343
9814574409518974228505111,13793657977054,1631749039,1631749065,1.4010673886798322
9815022935561359994789337,13793029537387,1631749093,1631749095,1.4009395395535975
9814954461756182540624140,13793126053691,1631749117,1631749125,1.4009591152835636
9814954461756182540624140,13793126053691,1631749117,1631749155,1.4009591152835636
9814983472222877562348197,13793085467115,1631749175,1631749185,1.400950852504
9814987212166601209627245,13793080227108,1631749193,1631749215,1.4009497865103184
9814597035642073944716663,13793630217136,1631749215,1631749245,1.4010613393895328
9814434165827019991595160,13793871250791,1631749263,1631749275,1.4011090704724192
9813594657587795095764181,13795054902893,1631749301,1631749306,1.4013491562381386
9814640498572402288965143,13793620358443,1631749331,1631749336,1.4010541342198848
9813289143591404136299649,13795526118251,1631749351,1631749366,1.4014406487289817
9813289143591404136299649,13795526118251,1631749351,1631749396,1.4014406487289817
9817096719047434554391788,13790191638538,1631749423,1631749426,1.4003554515838623
9816386690232764372036199,13791192097915,1631749455,1631749456,1.4005583315752446
9816386690232764372036199,13791192097915,1631749455,1631749486,1.4005583315752446
9816386690232764372036199,13791192097915,1631749455,1631749516,1.4005583315752446
9817015562729635231279014,13790311471189,1631749539,1631749546,1.4003791957814247
9816402688133907060022356,13791175232172,1631749575,1631749577,1.4005543365105986
9816840152428171476280745,13790562580054,1631749595,1631749607,1.4004297157153487
9810055329028932879982153,13800138248369,1631749629,1631749637,1.4023712617363782
9809379330543233087895614,13801093163236,1631749655,1631749667,1.402564939422533
9810186422713227693133865,13802441822930,1631749685,1631749697,1.4025866100527347
9808817690353039093223887,13804383807216,1631749715,1631749727,1.4029796780291945
9808818796248710901597296,13804382256555,1631749739,1631749758,1.402979362268001
9808818796248710901597296,13804382256555,1631749739,1631749788,1.402979362268001
9808905796248710901597296,13804260186024,1631749747,1631749818,1.402954513547942
9817481483780357676660472,13792238155923,1631749823,1631749848,1.4005083846915514
9817841065139937590717103,13791734526343,1631749875,1631749878,1.400405957562849
9817826190204124681783618,13791755485002,1631749895,1631749908,1.400410207228735
9820314265604234556149082,13788272739338,1631749933,1631749938,1.3997018880024552
9814042713242355650680177,13797117599489,1631749965,1631749969,1.401494711034
9814143932298001990350977,13796978575030,1631749991,1631750000,1.4014661362674088
9814628870672361026225501,13796298914798,1631750017,1631750030,1.4013278622552752
9817979327688796897629920,13791605036944,1631750053,1631750060,1.4003730901218951
9817979327688796897629920,13791605036944,1631750053,1631750090,1.4003730901218951
9816107167298998104139100,13794243332308,1631750109,1631750120,1.4009080853108318
9816137975796592524875296,13794201101716,1631750131,1631750150,1.4008994001112878
9811665209482163524633948,13800520904499,1631750179,1631750181,1.4021800657194108
9804879971420153504655085,13810099978150,1631750201,1631750211,1.4041242530718445
9805646014720869080465787,13809030134421,1631750243,1631750243,1.403905803784728
9801265545228172318405918,13809798662385,1631750273,1631750273,1.4046113540492953
9795011883987548718688265,13818642328537,1631750303,1631750303,1.4064081162754447
9794847278728296030975395,13818875303886,1631750331,1631750333,1.4064554606992752
9793021038685447821141818,13821460062442,1631750357,1631750363,1.4069808354265987
9793561342556521951423811,13820699829676,1631750379,1631750393,1.4068258361704649
9793563882377412623113701,13820703413878,1631750417,1631750424,1.4068258362077177
9787733602109214730185191,13828960798214,1631750445,1631750454,1.4085047874189913
9784183923823258195492598,13833993608275,1631750481,1631750484,1.4095285242889077
9784187043531170765980413,13833989210512,1631750491,1631750514,1.4095276268217714
9784192043530680519086473,13833982162160,1631750539,1631750544,1.4095261884387582
9784192043530680519086473,13833982162160,1631750539,1631750575,1.4095261884387582
9769743408350706045816084,13854503049656,1631750593,1631750605,1.4137044853530825
9764194398671813946903793,13862400886296,1631750631,1631750636,1.4153141622524708
9759899868044458344031330,13868527145919,1631750661,1631750666,1.4165626121666282
9759820835080385221277126,13868640311603,1631750693,1631750696,1.416585641110316
9759806636677700619762629,13868671362143,1631750721,1631750728,1.4165908733271062
9759674050202812475636520,13868860402872,1631750743,1631750759,1.4166294254306704
9760746920917674853523505,13867342960565,1631750787,1631750789,1.4163187483400106
9760746463734389405263461,13867343700333,1631750815,1631750819,1.416318890227005
9761873854878849902795298,13865754763675,1631750843,1631750849,1.4159930726196617
9757015901203249335564851,13872679751710,1631750873,1631750880,1.4174055571034552
9756416131995030196426567,13873561251593,1631750905,1631750910,1.4175827527977527
9755248498292201695251061,13875226814665,1631750919,1631750940,1.4179226154815405
9753106099485961028360460,13878285043625,1631750954,1631750970,1.4185466410759837
9752804790663692371775850,13878715097595,1631750970,1631751001,1.4186344206370414
9753072112205690746906007,13878334359324,1631750990,1631751031,1.4185566246323287
9742871398053290135689071,13892917889872,1631751056,1631751061,1.4215338888373226
9743757244050556710346621,13891701420810,1631751086,1631751091,1.4212802057061344
9744308546665364584612833,13890917830263,1631751114,1631751121,1.4211196365728975
9745500285504298536327129,13889224260484,1631751138,1631751152,1.420772630624473
9746676610048808760877793,13887553001014,1631751180,1631751182,1.4204302376043052
9747729247051136101131731,13886057811726,1631751206,1631751212,1.4201239513196051
9747211100953703752069986,13886798374150,1631751234,1631751243,1.4202751762829722
9747214100953703752069986,13886794112890,1631751250,1631751273,1.420274303374812
9747435281794938920894198,13886480399338,1631751300,1631751303,1.420209994584322
9744299357471675651333379,13890931028997,1631751330,1631751333,1.4211223269049078
9736457851171079971270563,13902163248381,1631751360,1631751364,1.4234167932458222
9734960582853501520431966,13904314801647,1631751386,1631751394,1.4238560243584215
9736152979209068614526159,13902617184295,1631751422,1631751424,1.4235078398026526
9733821700337154703974644,13905957139232,1631751432,1631751454,1.4241908036079258
9733824185255676689441172,13905953599873,1631751446,1631751485,1.4241900775823741
9733861933279689868905370,13905899834215,1631751490,1631751515,1.4241790486872197
9733873674544218637896695,13905883116120,1631751536,1631751545,1.4241756187919528
9734191114191408149519333,13905431607996,1631751570,1631751575,1.4240829402115196
9734220680292217302972578,13905389499233,1631751598,1631751605,1.4240743028055876
9734221510708800491537092,13905388316541,1631751628,1631751636,1.424074060210958
9757345069742611431086431,13875476209550,1631751652,1631751666,1.417643456446007
9757371494375633431166323,13875438745116,1631751668,1631751696,1.4176357899233698
9758147708911214479979283,13874338341984,1631751719,1631751726,1.4174106173813343
9759207788914945082810597,13872835782554,1631751751,1631751756,1.4171031832154841
9759173588486524283987406,13872884545350,1631751759,1631751786,1.417113129971549
9758525885208808743138773,13873808101909,1631751797,1631751816,1.417301525933668
9758525885208808743138773,13873808101909,1631751797,1631751846,1.417301525933668
9758525885208808743138773,13873808101909,1631751797,1631751877,1.417301525933668
9758391963358640740329078,13873999075673,1631751899,1631751907,1.4173404841609298
9758383133946423549159545,13874011666679,1631751931,1631751937,1.4173430527169257
9756487292068300788903723,13876715801896,1631751965,1631751967,1.4178947401158513
9755114333109764735798700,13875309805802,1631751993,1631751997,1.417950595688075
9753596050244224996158362,13877476657726,1631752021,1631752027,1.4183927670270204
9750897041183089206001109,13881333417379,1631752049,1631752057,1.4191796340979637
9750897212182313970756425,13881333174676,1631752083,1631752088,1.4191795843988657
9751054212368265479183897,13881159957443,1631752107,1631752118,1.4191390279009939
9747622968124284043930391,13886061025465,1631752143,1631752148,1.4201397621054201
9749643031167625963517884,13883199999306,1631752169,1631752178,1.4195530093479902
9749653443616622014474908,13883185216660,1631752207,1631752208,1.4195499819274993
9749653443616622014474908,13883185216660,1631752207,1631752239,1.4195499819274993
9749954552864585683351732,13882757813181,1631752265,1631752269,1.4194624457620084
9752356407413419322995908,13879348960392,1631752295,1631752299,1.4187644326500595
9754951219173681908972420,13875670962282,1631752313,1631752329,1.418011211067438
9756710080930673564650445,13873177075209,1631752355,1631752360,1.4175007949378342
9755821989155612140353707,13874443871040,1631752387,1631752390,1.4177592671141028
9756886028828122735997954,13872935331812,1631752405,1631752420,1.4174505356289446
9756886028077144243553585,13872935332883,1631752427,1631752450,1.417450535846874
9759311071403909363408758,13869498526293,1631752479,1631752480,1.4167472921498119
9763241430579688069397103,13863931883008,1631752507,1631752511,1.415608619723469
9776643259065005077951224,13844989565642,1631752537,1631752541,1.4117368026655168
9776769719716538661174541,13844821594309,1631752569,1631752571,1.4117014166116715
9775685015683663112762152,13846362799663,1631752599,1631752601,1.4120152101814747
9779754601050861452801188,13840619881591,1631752619,1631752631,1.4108422935977578
9779735421041024171917491,13840647110099,1631752659,1631752661,1.4108478357996792
9779738945273195035672171,13840642137842,1631752689,1631752691,1.4108468205910176
9780720180061782814927134,13839258359450,1631752717,1631752721,1.4105642527155577
9780367693743472373218962,13836820777594,1631752733,1631752751,1.4103666254356504
9779916672277186767414440,13837461683057,1631752767,1631752781,1.4104969903901219
9781157806881486421213541,13835712930053,1631752799,1631752811,1.410139796761796
9804105025267860231194584,13803440117446,1631752837,1631752841,1.403558041682467
9795298300747036794765416,13815887824440,1631752867,1631752872,1.4060866621602326
9796350118371669493958290,13814409690965,1631752895,1631752902,1.4057852901890875
9797271262208253635234566,13813114762221,1631752917,1631752932,1.4055213686134667
9797179334179321599508813,13813244762221,1631752961,1631752962,1.4055477834064514
9796930074411081392208547,13813597265029,1631752985,1631752992,1.405619409967214
9796929893707196940754362,13813597520601,1631753019,1631753022,1.4056194618977607
9797212023159618924988919,13813202351992,1631753043,1631753052,1.4055387788098306
9797198627677249900627169,13813221295293,1631753079,1631753083,1.405542627921328
9798250738778916992124306,13811742522098,1631753097,1631753113,1.4052412656154483
9798244632810751579973872,13811751532298,1631753139,1631753143,1.405243057951331
9798239469506104472969352,13811758832477,1631753153,1631753173,1.405244541125372
9795494301282758886760625,13815671983020,1631753201,1631753203,1.4060365638528018
9794609169622068953969112,13811308572549,1631753229,1631753233,1.405719504069537
9794593735546688866124789,13811330401550,1631753247,1631753263,1.4057239407096058
9801611872370882753908391,13801472560409,1631753287,1631753293,1.403714900990948
9801236904635854841434534,13801925065748,1631753319,1631753324,1.4038146227095276
9803371104908944916706743,13798946718287,1631753351,1631753354,1.4032061761580408
9799717646292548185888947,13804130532953,1631753381,1631753384,1.4042565912846476
9799223140203447025694688,13804833580495,1631753409,1631753414,1.4043989709261804
9806621390098219534067026,13794453740718,1631753427,1631753444,1.4022844112068416
9806602260265175618804399,13794480730661,1631753459,1631753474,1.4022898900639267
9806738777005063989151260,13794290392784,1631753503,1631753505,1.4022510224878788
9807226917631750690390597,13793605982319,1631753515,1631753535,1.4021116646453737
9808299257922536554795077,13792102453189,1631753549,1631753565,1.401805571395904
9809371397043915543821053,13790601844148,1631753591,1631753595,1.4014998705610633
9813479930908035169877397,13784846361869,1631753623,1631753625,1.4003285065051168
9813184632265061369271052,13785262424066,1631753633,1631753655,1.4004129077475518
9838149856671812643689562,13750388086131,1631753685,1631753685,1.3933257752507926
9836499794660942554104676,13752702827331,1631753713,1631753715,1.3937940723169595
9835596198354886128978943,13753970090151,1631753721,1631753745,1.394050552194938
9835591838477935702216060,13753976207774,1631753757,1631753775,1.3940517901387066
9833731873322540434752029,13756585481525,1631753793,1631753806,1.3945799525063485
9833322903119916762257905,13757159342726,1631753829,1631753836,1.3946961253862828
9833315582786717209940443,13757169614950,1631753861,1631753866,1.3946982049476355
9833660141322971478584719,13756689190683,1631753889,1631753896,1.394600637929514
9833749903080770997864127,13756829439949,1631753925,1631753926,1.3946021272111684
9833103272240467351851829,13757736819548,1631753945,1631753956,1.3947858196850866
9833722340651412099791931,13756873456241,1631753981,1631753986,1.394610497849062
9843765605225644752670662,13742880773139,1631754013,1631754017,1.3917706988211722
9843757130594879362502829,13742892640182,1631754025,1631754047,1.3917730986978858
9843740817035286630049047,13742915489420,1631754067,1631754077,1.3917777189798652
9843716619017249915509933,13742949412636,1631754105,1631754107,1.3917845754232259
9840578912406317364091331,13747344591825,1631754133,1631754137,1.3926735596042126
9839669335062290129034054,13748663197301,1631754165,1631754167,1.3929358786270023
9838800353032956901718603,13749881171814,1631754193,1631754198,1.3931823020800949
9838069195807355616490041,13750080293089,1631754221,1631754228,1.393306008860469
9836524462884734189689725,13752250325714,1631754251,1631754258,1.393744717758149
9829156257302293356402771,13762590460926,1631754285,1631754289,1.3958381248377263
9827251320630527936810525,13765266260614,1631754313,1631754319,1.3963801090605557
9825269800759537152914871,13768050737165,1631754343,1631754349,1.3969442172981799
9826559220497244284985713,13766257841079,1631754375,1631754379,1.3965790436211973
9823963462588566680585817,13769906205305,1631754393,1631754409,1.3973182425480335
9823963462588566680585817,13769906205305,1631754393,1631754439,1.3973182425480335
9825377942671985332372237,13767933026279,1631754457,1631754469,1.3969169004112483
9825377942671985332372237,13767933026279,1631754457,1631754499,1.3969169004112483
9824105649166581337832743,13769721475043,1631754529,1631754529,1.3972792754266412
9823067252382484963937455,13771186248707,1631754553,1631754559,1.397575620153919
9822262739317123544094044,13772319717301,1631754585,1631754589,1.3978051199428738
9822213102398860982878353,13772469180277,1631754609,1631754619,1.3978273527286946
9822213102398860982878353,13772469180277,1631754609,1631754650,1.3978273527286946
9821963643148340755935786,13772820027462,1631754669,1631754680,1.397898461189121
9820002892489319245784478,13775578345475,1631754703,1631754710,1.3984575665183365
9820024597284585941476908,13775548470419,1631754731,1631754740,1.3984514430556447
9820024597284585941476908,13775548470419,1631754731,1631754770,1.3984514430556447
9820023983196413246319435,13775549334340,1631754793,1631754800,1.398451618200168
9820797274400896656163198,13774470385768,1631754829,1631754830,1.3982319921329618
9820796314277310998971739,13774471736472,1631754837,1631754860,1.3982322659231723
9808457786954437154966304,13792256537540,1631754875,1631754890,1.4017985776551067
9805194171796495129151997,13796861078863,1631754917,1631754920,1.4027332584727557
9805168992849778262623561,13796897021021,1631754949,1631754950,1.4027405144870282
9804425200398218199420133,13797946843563,1631754979,1631754981,1.4029536639917641
9804425200398218199420133,13797946843563,1631754979,1631755011,1.4029536639917641
9802363688010458410803736,13800857389421,1631755013,1631755041,1.4035446879025548
9800863688010458410803736,13802975935365,1631755051,1631755071,1.403974964099005
9799311732899006882375831,13805168544523,1631755075,1631755101,1.4044203518498688
9797728254347340365366250,13807406948922,1631755129,1631755131,1.4048750598412008
9797728262347340365366250,13807406937682,1631755159,1631755162,1.40487505755201
9787121804826032556739520,13822415278361,1631755183,1631755192,1.4079261099416762
9787133690538598844889883,13822398542472,1631755201,1631755222,1.4079226956143975
9787144526233672220224291,13822383285115,1631755243,1631755252,1.4079195829275994
9787144526233672220224291,13822383285115,1631755243,1631755282,1.4079195829275994
9788384816032696979516241,13820637099558,1631755297,1631755312,1.4075633627548814
9788384816032696979516241,13820637099558,1631755297,1631755342,1.4075633627548814
9788384816032696979516241,13820637099558,1631755297,1631755372,1.4075633627548814
9788384816032696979516241,13820637099558,1631755297,1631755402,1.4075633627548814
9788384816032696979516241,13820637099558,1631755297,1631755432,1.4075633627548814
9788384816032696979516241,13820637099558,1631755297,1631755462,1.4075633627548814
9788576122335704499354646,13820367801642,1631755485,1631755492,1.407508430249989
9763844237933224246568159,13855482356221,1631755513,1631755523,1.4146585256792605
9761931782341946535056603,13858214680461,1631755543,1631755553,1.4152146701533348
9754425941165113772651706,13868912550636,1631755579,1631755583,1.4173968567401172
9754892093467968332943565,13868256063470,1631755607,1631755613,1.4172620417065918
9743585518659825318046585,13884422232375,1631755639,1631755643,1.4205604949388653
9744371587499130712291666,13883306747798,1631755667,1631755673,1.4203317917920648
9743388838358084824198861,13884711723180,1631755699,1631755703,1.4206187868211417
9731240529210953016575572,13902126854110,1631755731,1631755733,1.4241761395502837
9732667993416361954190153,13900093982946,1631755753,1631755763,1.423759057905525
9730720977860974974974594,13902884577655,1631755777,1631755794,1.4243298002947122
9751888920717007076822621,13872885808613,1631755815,1631755824,1.4181717353854328
9725465512647000333235041,13910705004393,1631755847,1631755855,1.4259010273627937
9724251134938734415589100,13912454173776,1631755877,1631755885,1.42625839657709
9717505191473338410077932,13922160520426,1631755911,1631755916,1.42824416410923
9717099524839107262201940,13922749466249,1631755925,1631755946,1.4283642051070928
9720874165752908803968757,13917359440197,1631755973,1631755976,1.427256864991039
9721219728880814798354174,13916866199760,1631755993,1631756006,1.427155553933233
9718268981470921691818117,13921104935214,1631756021,1631756036,1.4280236436445266
9718271728007469219829961,13921101012694,1631756061,1631756066,1.42802283773385
9718985503111067904215337,13920319918171,1631756093,1631756096,1.427837854027748
9719055544706463844385800,13920219900591,1631756117,1631756126,1.4278173062410207
9712051829348990813610240,13930290605287,1631756145,1631756157,1.4298805635049938
9712053019148530882927871,13930288903843,1631756185,1631756187,1.4298802137076854
9704627389900645142440146,13940398837863,1631756213,1631756217,1.4320127261281013
9704660464418118827335635,13940351470029,1631756245,1631756247,1.4320029803831131
9699942046083703351030361,13947172142378,1631756271,1631756277,1.4334004739020019
9692578917532403018133902,13957808639383,1631756297,1631756307,1.4355832493435592
9692553819298885160302678,13957844942760,1631756305,1631756338,1.4355907001830637
9693055235419702155695895,13957125077563,1631756365,1631756368,1.435442409882322
9694911493868436380702921,13954461226304,1631756393,1631756398,1.4348936823625118
9692497420866595626324685,13957947385735,1631756421,1631756428,1.4356095892116427
9690507889587410664157815,13960821767113,1631756455,1631756458,1.4361999978721143
9690523339471902512784950,13960799575742,1631756473,1631756488,1.4361954254303126
9689692085624319184438921,13962019815943,1631756511,1631756518,1.4364441613499075
9690477182715463325005025,13960892042890,1631756527,1631756549,1.4362117779348045
9690960017479234150055915,13960198553031,1631756569,1631756579,1.4360688901394605
9690078080325302998897685,13961472980008,1631756585,1631756609,1.4363306904230266
9690944872539651128897482,13960261061620,1631756635,1631756639,1.436077564381063
9691034730484746188227571,13960138068151,1631756667,1631756669,1.43605159795098
9692232513712381857809955,13959797769981,1631756691,1631756699,1.4358391449395567
9692377532039997080848690,13959589703776,1631756722,1631756729,1.4357962635885924
9682664173326855317768880,13973641372565,1631756750,1631756760,1.4386831797473132
9675139611384933219037081,13984542359315,1631756778,1631756790,1.4409251638539136
9665466502413215993281877,13998615801354,1631756810,1631756820,1.4438186158221216
9662612688831604489333461,14002797738871,1631756842,1631756850,1.4446764506418257
9666036062901730451591643,13997853308485,1631756874,1631756881,1.4436549102235585
9655603847085971234050343,14013024910188,1631756910,1631756911,1.4467809177041053
9653603790922979213634556,14015936897354,1631756934,1631756941,1.4473813458774238
9653103790922979213634556,14016665062696,1631756958,1631756972,1.4475315070934593
9643137262787516800374663,14031195672092,1631756978,1631757002,1.4505295865740626
9645189705612441576691003,14028222943311,1631757031,1631757032,1.449913701787591
9644309481153670928119944,14029533002039,1631757059,1631757062,1.4501814359519631
9634598229967816819288038,14043768663084,1631757091,1631757092,1.453115974979475
9643445219303343686372919,14030927767611,1631757121,1631757123,1.4504555749539285
9637982574649443826971615,14038904228853,1631757139,1631757153,1.452102622250095
9614901114004262211057915,14071317336189,1631757181,1631757183,1.4589488384593279
9616609737524847942396016,14068824725532,1631757207,1631757213,1.4584312536530197
9616619249043862148055747,14068810852592,1631757237,1631757243,1.4584283731877803
9610477207848442597020659,14077914250354,1631757271,1631757273,1.4603046529684216
9610999984701229139427106,14077150799099,1631757299,1631757303,1.4601460413523017
9614396464952626190940925,14072192675491,1631757327,1631757333,1.4591161712314933
9601743152798539077270642,14090793418782,1631757357,1631757364,1.4629700288660825
9606419882768077730036507,14083972079997,1631757389,1631757394,1.4615500019509344
9600637821712253350917568,14090818580635,1631757421,1631757424,1.463141057305038
9594627787968056576533231,14096713598112,1631757449,1631757454,1.4646699686460196
9594941269485614780296060,14096314307954,1631757479,1631757484,1.4645806350931525
9601754008615076961683636,14086342530830,1631757507,1631757514,1.4625062641575932
9640252518238750258377072,14030276510780,1631757537,1631757544,1.450868547150865
9635520170926552879897321,14037200158355,1631757571,1631757574,1.4522973715141416
9633880091787071280575577,14039598629355,1631757595,1631757604,1.4527927756737917
9633903549364307330606133,14039564695072,1631757629,1631757634,1.4527857271879911
9618059232594726805917328,14062799125248,1631757655,1631757665,1.4575869387630374
9597028863374697862243679,14093713380290,1631757687,1631757695,1.4639919125214218
9604249080812483541969070,14083149869698,1631757717,1631757725,1.461794971410185
9604617288196502602899690,14082611810562,1631757749,1631757755,1.4616830901056528
9604834118828736550333211,14082294847132,1631757781,1631757785,1.4616171978153287
9605586952392450877950942,14081194469948,1631757801,1631757815,1.4613884556777774
9606061831748610054051085,14081886770619,1631757819,1631757845,1.4613880643583834
9607376903044535370403100,14079965068770,1631757873,1631757876,1.4609886454474181
9609842820157436060373310,14076362967870,1631757903,1631757906,1.4602401186134666
9624750987764919632691729,14054624869615,1631757934,1631757936,1.4557269744463266
9624061130325447450944119,14055635724158,1631757962,1631757966,1.4559360190089792
9625010322959626348511636,14054253755923,1631757994,1631757996,1.4556493179928511
9625359572731369151599531,14053745337438,1631758024,1631758026,1.4555438493844122
9624614870998519131204805,14054836013874,1631758054,1631758056,1.4557694298960269
9621908880376618345933110,14058800774968,1631758080,1631758086,1.4565895735546948
9619249956800141269593385,14062698558920,1631758082,1631758117,1.4573961070030927
9608251819011716668478382,14078844146461,1631758144,1631758147,1.4607393229585142
9607844162352158535158893,14079444015168,1631758172,1631758177,1.4608635366056115
9607240129388030606484380,14080332573149,1631758198,1631758207,1.4610475768223405
9611328506327584940170778,14074361173724,1631758224,1631758237,1.459806795032695
9610996976641306411825267,14074851637785,1631758260,1631758267,1.4599080187696964
9611447565641306411825267,14074193781802,1631758292,1631758297,1.4597713520880788
9611452052319079789680430,14074187299737,1631758324,1631758327,1.4597699984125794
9611431849413141241715001,14074216972222,1631758336,1631758357,1.4597761441078037
9614223283243141241715001,14070142860709,1631758360,1631758388,1.4589299068450927
9614223283243141241715001,14070142860709,1631758360,1631758418,1.4589299068450927
9614223283282773031949716,14070142860766,1631758440,1631758448,1.4589299068450927
9614242993687377678442907,14070114101745,1631758468,1631758478,1.4589239341560751
9618017907193543094953146,14064608374858,1631758498,1631758508,1.45778072755225
9617968609803189168103511,14064681296532,1631758534,1631758539,1.4577957569938154
9617968621091337905546036,14064681280076,1631758546,1631758569,1.4577957535777242
9617968629091337905546036,14064681268414,1631758578,1631758599,1.4577957511562853
9620231230948229349860207,14061383289459,1631758610,1631758630,1.4571111715752632
9620244905562697297335690,14061363361989,1631758642,1631758660,1.4571070356108249
9618766811469488304475674,14063533725862,1631758684,1631758691,1.4575558609832078
9618568742487449051718546,14063832075537,1631758714,1631758721,1.4576167942155152
9618614824255309674700653,14063765321856,1631758746,1631758752,1.4576028931364418
9618610313980369125063137,14063772021723,1631758766,1631758782,1.4576042709425092
9618497686205234699991906,14063937649644,1631758806,1631758812,1.4576385032776744
9618812554214926930904064,14063478654219,1631758828,1631758842,1.457543222580105
9618811834061951562561783,14063479710309,1631758852,1631758872,1.4575434411466122
9618522883416940224273343,14063903522761,1631758898,1631758902,1.4576311481371522
9618508933578908976885671,14063923981183,1631758902,1631758932,1.4576353823225945
9618499159735518233542545,14063938514949,1631758942,1631758962,1.457638369679451
9618499159735518233542545,14063938514949,1631758942,1631758992,1.457638369679451
9618452876068419126953652,14064006394674,1631759018,1631759022,1.4576524183955044
9618295611751562520383899,14064238534370,1631759038,1631759053,1.45770030964911
9619461597253212733441103,14062557608466,1631759078,1631759083,1.457349438585341
9618873948863430849478195,14063420148972,1631759106,1631759113,1.4575278569813819
9618839566673001047264711,14063470836770,1631759132,1631759143,1.4575383196044713
9611510760547018641978906,14074227978744,1631759162,1631759173,1.4597653020787984
9611398762190087089802229,14074392687122,1631759182,1631759203,1.459799394056201
9611028754316601633341274,14074936495893,1631759212,1631759233,1.4599119941070675
9611252633619859175130290,14074609625500,1631759248,1631759263,1.4598440876472742
9612193433619859175130290,14073236195750,1631759284,1631759293,1.4595587785393
9610491372608196250798003,14075751013735,1631759322,1631759323,1.460078108265996
9613248063938710664558980,14071726762680,1631759340,1631759353,1.4592421442437917
9613259512117906990275692,14071710055302,1631759356,1631759384,1.4592386740930379
9612863382827218601693396,14072305746260,1631759408,1631759414,1.45936057632789
9613085920762311135248135,14071981324452,1631759442,1631759444,1.4592931531909854
9613086634767755227894526,14071980282401,1631759448,1631759474,1.459292936751619
9631952029947537781746955,14044505923247,1631759498,1631759504,1.4535914559438825
9631988651377464756753071,14044453560620,1631759522,1631759534,1.4535805104132742
9632604339125925566321457,14043558573318,1631759532,1631759564,1.4533949874732643
9632545708630910627791654,14043644309570,1631759586,1631759594,1.453412706013769
9628886853649130968073735,14048996776152,1631759614,1631759624,1.4545190781839192
9627321483500531601971100,14051304934260,1631759640,1631759654,1.4549945604186505
9620990627432985297316765,14060592819771,1631759682,1631759684,1.4569142659623175
9620954241823345406244247,14060655591166,1631759710,1631759714,1.4569262795113027
9621360771479155079476358,14060063271005,1631759720,1631759745,1.4568033546563237
9621488235693140557211771,14059877563923,1631759772,1631759775,1.4567648157291115
9620093507193839362799575,14061922109416,1631759804,1631759805,1.4571878658253699
9633951326119646846016126,14041852994637,1631759832,1631759835,1.4530153106991202
9629795660581586895196872,14047964415880,1631759864,1631759865,1.4542749508004635
9623597426459719669759151,14057039788814,1631759888,1631759895,1.456151609973982
9618648954611690469950324,14064319408432,1631759924,1631759925,1.457655148262158
9611967099232106910730494,14074126000975,1631759948,1631759955,1.4596854287739842
9611967099232106910730494,14074126000975,1631759948,1631759986,1.4596854287739842
9610788711295449960111577,14075834286873,1631760004,1631760016,1.4600415786970407
9610955165243158805277026,14075591236178,1631760040,1631760046,1.4599910841435193
9610877397923261535849840,14075708042024,1631760072,1631760077,1.4600150123611093
9611106281012205936824102,14075373842549,1631760104,1631760107,1.4599455822259189
9609650141139998951456627,14077514035775,1631760124,1631760137,1.4603888049945235
9620336299144913225437971,14061923757553,1631760158,1631760167,1.4571512648388742
9634156829574944743321504,14041812910136,1631760194,1631760197,1.452980172296986
9633401447389077019354083,14042920204048,1631760224,1631760227,1.4532086792849004
9626560135021426522816327,14052931893045,1631760248,1631760257,1.455278104390949
9624480198471834161394324,14055978980955,1631760284,1631760287,1.4559081856478007
9620484799223126290454359,14061851328732,1631760308,1631760317,1.457121269604191
9620485739017231018136939,14061850151310,1631760344,1631760348,1.4571210052687675
9613167207620602285047535,14072477195305,1631760370,1631760378,1.4593322373889386
9605968444494052545838380,14083054985017,1631760398,1631760408,1.4615235061664134
9592676052926696896123675,14102652195431,1631760436,1631760438,1.465585095643997
9597269506367168995038338,14095922613375,1631760462,1631760468,1.4641846875380724
9603429978056487167364723,14086907378173,1631760496,1631760498,1.462309691991657
9596494448651916465403789,14097122615765,1631760522,1631760529,1.4644275874700396
9595011066313424291882520,14099314130516,1631760552,1631760559,1.464881656099111
9595975665672166758519929,14097901101556,1631760580,1631760589,1.4645876244418323
9596049341680891496364218,14097793297802,1631760614,1631760619,1.4645651815664023
9596151341680891496364218,14097643898218,1631760636,1631760649,1.4645340955592692
9599054252245284277390667,14093420232177,1631760672,1631760679,1.4636525995824485
9594124361461588315350921,14100727365932,1631760696,1631760709,1.4651638738308101
9594192606604813189173547,14100627365932,1631760720,1631760739,1.4651430623270572
9598955374413324098811622,14093652201713,1631760764,1631760770,1.463691766070202
9599509921440613525211233,14092840478243,1631760776,1631760800,1.4635229235067964
9599509921440613525211233,14092840478243,1631760776,1631760830,1.4635229235067964
9599493472299760936643283,14092864814273,1631760848,1631760860,1.4635279583241791
9599632792009540130246235,14092660900372,1631760876,1631760890,1.4634855443928392
9599651006382429836090314,14092634241185,1631760912,1631760920,1.4634799993839116
9599925017371286776027902,14092233418585,1631760932,1631760950,1.4633966084625571
9599925017371286776027902,14092233418585,1631760932,1631760980,1.4633966084625571
9599294645596791854307360,14093164288207,1631761004,1631761010,1.4635893693696707
9601727106427622198605280,14089623696358,1631761040,1631761041,1.4628510274346918
9607189795966524969298460,14081636302303,1631761064,1631761071,1.4611905129998923
9617109971268625473649849,14067154510237,1631761094,1631761101,1.4581822689846158
9617109971268625473649849,14067154510237,1631761094,1631761131,1.4581822689846158
9616514498225989582426229,14068028196568,1631761144,1631761161,1.45836312382482
9617017813818132020695166,14067698411548,1631761188,1631761191,1.4582526215463876
9615578414863474208882513,14069811158670,1631761212,1631761221,1.4586899306699634
9615288229832533959336781,14070237825027,1631761238,1631761251,1.458778184743598
9616523425657410229981876,14068435992955,1631761276,1631761281,1.4584040443059056
9616547067839816888821867,14068620735312,1631761294,1631761311,1.4584196104705334
9616706088875592082603201,14068388802053,1631761334,1631761342,1.458371453769505
9616673565508429054366651,14068436545815,1631761366,1631761372,1.4583813347164543
9616806706766359316912480,14068242357721,1631761388,1631761402,1.4583410161286592
9618136535055558236782872,14066303080932,1631761420,1631761433,1.4579384016860277
9618125713402613242764730,14066100340334,1631761446,1631761463,1.4579190282896162
9618213713402613242764730,14065972031334,1631761479,1631761493,1.457892391908914
9618265903891384547713840,14065896509363,1631761515,1631761523,1.4578766543697566
9618265903891384547713840,14065896509363,1631761515,1631761553,1.4578766543697566
9618426053548136151309876,14065663012966,1631761580,1631761583,1.4578281821962447
9618370106628969103483356,14065745181991,1631761608,1631761613,1.4578451774418355
9618247810211289233926018,14065927053003,1631761640,1631761643,1.4578825623560696
9630842882428319005990068,14047586986515,1631761670,1631761673,1.4540777667108924
9630992782432485005931374,14047370319579,1631761698,1631761704,1.4540327102672308
9632868522922485005931374,14044643178816,1631761722,1631761734,1.4534673767201602
9633013033810990366368945,14044433118357,1631761758,1631761764,1.4534238359592855
9632907640118365689771498,14044587216242,1631761769,1631761794,1.4534556836169212
9632907640118365689771498,14044587216242,1631761769,1631761824,1.4534556836169212
9632907640118365689771498,14044587216242,1631761769,1631761854,1.4534556836169212
9636362821887652411705383,14039573565805,1631761877,1631761884,1.452415921350941
9648681561445096714592157,14021427009769,1631761901,1631761914,1.4486868800576775
9650808700239014634663553,14018345948201,1631761935,1631761945,1.4480493437629194
9654100866307185033396087,14013580711109,1631761961,1631761975,1.447063526691869
9654058289668922148478509,14013643328242,1631761987,1631762005,1.4470763738881796
9654058288819304128804442,14013643329479,1631762017,1631762035,1.447076374143362
9649494404764257247600095,14020327233185,1631762057,1631762065,1.4484512409996242
9653073350476063777767351,14015144687876,1631762087,1631762096,1.447379058420658
9679511106691096644801022,13976992755156,1631762117,1631762126,1.439496937898919
9692118394826247523293498,13959730186838,1631762149,1631762156,1.4358490979801863
9691334290452947875864115,13960863036307,1631762171,1631762186,1.436081787765026
9691401584160962080751944,13960766844005,1631762209,1631762216,1.4360619224030524
9691401580401443503366295,13960766849518,1631762237,1631762246,1.4360619235262275
9692964560057953432203635,13955107889525,1631762263,1631762277,1.43524837391451
9695552850277953432203635,13951393656922,1631762295,1631762307,1.4344833668395878
9719753642181051196275001,13916769096323,1631762327,1631762337,1.4273608386609704
9720544328101297543188733,13915645988019,1631762359,1631762367,1.4271295653451235
9731187679787558656277766,13900471696722,1631762391,1631762397,1.42401431308873
9731805532608538637891818,13899599401769,1631762423,1631762428,1.4238345591761172
9731542650267570610134446,13899976007440,1631762451,1631762458,1.4239115973226726
9730747241765528655361130,13901115635081,1631762479,1631762488,1.4241447312906383
9729366672737010940454352,13903179920700,1631762511,1631762518,1.4245583050269635
9744181923987718958711704,13882106183820,1631762539,1631762548,1.4202366086058318
9754043509470449721878150,13868114557623,1631762575,1631762578,1.4173708659168334
9754036701157165556829086,13868124266688,1631762595,1631762609,1.4173728474397211
9757109236558426837125095,13863770357680,1631762631,1631762639,1.4164817139226944
9758105595617202266533598,13862378875350,1631762665,1631762669,1.4161949424464255
9760838417228343259850627,13858541482706,1631762691,1631762699,1.4154065570365637
9770667570440731084508939,13844664922944,1631762723,1631762729,1.412567002138123
9749244659566361217983420,13875178704599,1631762749,1631762759,1.41879080042243
9749104659621074904217419,13875378555709,1631762771,1631762789,1.418831608425826
9749202589995155673713574,13875243081867,1631762805,1631762819,1.4188035049885512
9749015573735301315514181,13875534281788,1631762841,1631762849,1.418860496263951
9749015573735301315514181,13875534281788,1631762841,1631762879,1.418860496263951
9749165381540145482941874,13875326798861,1631762903,1631762909,1.4188174798674882
9757394980524926340509140,13863666151200,1631762919,1631762939,1.4164295900724828
9759907753031675376549543,13860108550095,1631762959,1631762970,1.415701574197039
9759907753031675376549543,13860108550095,1631762959,1631763000,1.415701574197039
9760113627251484376326099,13859817634831,1631763021,1631763030,1.4156420011613517
9751109358485802497366683,13872655152945,1631763045,1631763060,1.418261520029977
9750609875403225825906754,13873367934208,1631763083,1631763090,1.4184070386700331
9736541613756078109124118,13893475386118,1631763115,1631763120,1.422515022471547
9738852369985220134425036,13890188741820,1631763135,1631763150,1.4218411034420133
9738851922438190111997397,13890189384200,1631763159,1631763180,1.4218412345331162
9738104845778762967776698,13891258340854,1631763195,1631763210,1.4220597325246782
9738105345000864026207941,13891257630865,1631763235,1631763240,1.422059586947784
9738577981952961816135597,13890585476778,1631763255,1631763271,1.4219217723570765
9738584453448377085586389,13890576385103,1631763293,1631763301,1.4219198968801647
9740100413946205811704823,13888420924451,1631763325,1631763332,1.4214779991675168
9740137109787911000373484,13888368756977,1631763359,1631763362,1.421467305002734
9739986696430327756359192,13888586179947,1631763389,1631763392,1.421511507762596
9739498296645631157675645,13889284736800,1631763411,1631763422,1.4216542856246233
9737594686829389618239244,13892008476514,1631763449,1631763453,1.4222110235728322
9737074639769967899898790,13892752666957,1631763481,1631763483,1.4223631660696119
9737075202826706873086673,13892751866004,1631763507,1631763513,1.422363001825288
9737085051052254392996825,13892737856835,1631763535,1631763543,1.4223601290937513
9737085616274373690350949,13892737053996,1631763563,1631763574,1.4223599643409253
9736755600785335786978289,13883290474508,1631763599,1631763604,1.4214409803301096
9736755600785335786978289,13883290474508,1631763599,1631763634,1.4214409803301096
9736755600747463989538324,13883290474454,1631763647,1631763664,1.4214409803319723
9736765343270364142782960,13883304343188,1631763679,1631763694,1.4214409781433641
9736442422218093358773350,13883766185528,1631763719,1631763724,1.4215354044083506
9736442422218093358773350,13883766185528,1631763719,1631763754,1.4215354044083506
9736075806627626133082629,13884290557072,1631763767,1631763784,1.4216426189169287
9735966561402662867898968,13884446818549,1631763791,1631763814,1.4216745693664998
9735944303305426615891951,13884478656373,1631763831,1631763844,1.4216810792218895
9736383514628318050107540,13883854249899,1631763863,1631763874,1.4215530209951104
9736383037122058229656851,13883853568987,1631763887,1631763905,1.4215530209876597
9736595953319326423282586,13883550942467,1631763919,1631763935,1.4214909532573075
9734637264069264696136038,13886352833016,1631763951,1631763965,1.4220638737026603
9726498826540913389056801,13898007551655,1631763991,1631763995,1.4244481597412377
